node-superagent/2.3.0,2017-07-19T22:08:57.141Z,GET,/,1.1,200
node-superagent/2.3.0,2017-07-19T22:08:57.141Z,GET,/,1.1,200
node-superagent/2.3.0,2017-07-19T22:08:57.164Z,GET,/,1.1,200
node-superagent/2.3.0,2017-07-19T22:08:57.141Z,GET,/,1.1,200
node-superagent/2.3.0,2017-07-19T22:08:57.164Z,GET,/,1.1,200
node-superagent/2.3.0,2017-07-19T22:08:57.170Z,GET,/,1.1,200
node-superagent/2.3.0,2017-07-19T22:08:57.141Z,GET,/,1.1,200
node-superagent/2.3.0,2017-07-19T22:08:57.164Z,GET,/,1.1,200
node-superagent/2.3.0,2017-07-19T22:08:57.170Z,GET,/,1.1,200
node-superagent/2.3.0,2017-07-19T22:08:57.175Z,GET,/,1.1,200
node-superagent/2.3.0,2017-07-19T22:08:57.141Z,GET,/,1.1,200
node-superagent/2.3.0,2017-07-19T22:08:57.164Z,GET,/,1.1,200
node-superagent/2.3.0,2017-07-19T22:08:57.170Z,GET,/,1.1,200
node-superagent/2.3.0,2017-07-19T22:08:57.175Z,GET,/,1.1,200
node-superagent/2.3.0,2017-07-19T22:08:57.177Z,GET,/,1.1,200
node-superagent/2.3.0,2017-07-19T22:08:57.141Z,GET,/,1.1,200
node-superagent/2.3.0,2017-07-19T22:08:57.164Z,GET,/,1.1,200
node-superagent/2.3.0,2017-07-19T22:08:57.170Z,GET,/,1.1,200
node-superagent/2.3.0,2017-07-19T22:08:57.175Z,GET,/,1.1,200
node-superagent/2.3.0,2017-07-19T22:08:57.177Z,GET,/,1.1,200
node-superagent/2.3.0,2017-07-19T22:08:57.181Z,GET,/,1.1,200
node-superagent/2.3.0,2017-07-19T22:08:57.141Z,GET,/,1.1,200
node-superagent/2.3.0,2017-07-19T22:08:57.164Z,GET,/,1.1,200
node-superagent/2.3.0,2017-07-19T22:08:57.170Z,GET,/,1.1,200
node-superagent/2.3.0,2017-07-19T22:08:57.175Z,GET,/,1.1,200
node-superagent/2.3.0,2017-07-19T22:08:57.177Z,GET,/,1.1,200
node-superagent/2.3.0,2017-07-19T22:08:57.181Z,GET,/,1.1,200
node-superagent/2.3.0,2017-07-19T22:08:57.185Z,GET,/,1.1,200
node-superagent/2.3.0,2017-07-19T22:08:57.141Z,GET,/,1.1,200
node-superagent/2.3.0,2017-07-19T22:08:57.164Z,GET,/,1.1,200
node-superagent/2.3.0,2017-07-19T22:08:57.170Z,GET,/,1.1,200
node-superagent/2.3.0,2017-07-19T22:08:57.175Z,GET,/,1.1,200
node-superagent/2.3.0,2017-07-19T22:08:57.177Z,GET,/,1.1,200
node-superagent/2.3.0,2017-07-19T22:08:57.181Z,GET,/,1.1,200
node-superagent/2.3.0,2017-07-19T22:08:57.185Z,GET,/,1.1,200
node-superagent/2.3.0,2017-07-19T22:08:57.190Z,GET,/,1.1,200
node-superagent/2.3.0,2017-07-19T22:08:57.141Z,GET,/,1.1,200
node-superagent/2.3.0,2017-07-19T22:08:57.164Z,GET,/,1.1,200
node-superagent/2.3.0,2017-07-19T22:08:57.170Z,GET,/,1.1,200
node-superagent/2.3.0,2017-07-19T22:08:57.175Z,GET,/,1.1,200
node-superagent/2.3.0,2017-07-19T22:08:57.177Z,GET,/,1.1,200
node-superagent/2.3.0,2017-07-19T22:08:57.181Z,GET,/,1.1,200
node-superagent/2.3.0,2017-07-19T22:08:57.185Z,GET,/,1.1,200
node-superagent/2.3.0,2017-07-19T22:08:57.190Z,GET,/,1.1,200
node-superagent/2.3.0,2017-07-19T22:08:57.195Z,GET,/logs,1.1,200
node-superagent/2.3.0,2017-07-19T22:08:57.141Z,GET,/,1.1,200
node-superagent/2.3.0,2017-07-19T22:08:57.164Z,GET,/,1.1,200
node-superagent/2.3.0,2017-07-19T22:08:57.170Z,GET,/,1.1,200
node-superagent/2.3.0,2017-07-19T22:08:57.175Z,GET,/,1.1,200
node-superagent/2.3.0,2017-07-19T22:08:57.177Z,GET,/,1.1,200
node-superagent/2.3.0,2017-07-19T22:08:57.181Z,GET,/,1.1,200
node-superagent/2.3.0,2017-07-19T22:08:57.185Z,GET,/,1.1,200
node-superagent/2.3.0,2017-07-19T22:08:57.190Z,GET,/,1.1,200
node-superagent/2.3.0,2017-07-19T22:08:57.195Z,GET,/logs,1.1,200
node-superagent/2.3.0,2017-07-19T22:08:57.199Z,GET,/logs,1.1,200
node-superagent/2.3.0,2017-07-19T22:26:19.103Z,GET,/,1.1,200
node-superagent/2.3.0,2017-07-19T22:26:19.103Z,GET,/,1.1,200
node-superagent/2.3.0,2017-07-19T22:26:19.127Z,GET,/,1.1,200
node-superagent/2.3.0,2017-07-19T22:26:19.103Z,GET,/,1.1,200
node-superagent/2.3.0,2017-07-19T22:26:19.127Z,GET,/,1.1,200
node-superagent/2.3.0,2017-07-19T22:26:19.134Z,GET,/,1.1,200
node-superagent/2.3.0,2017-07-19T22:26:19.103Z,GET,/,1.1,200
node-superagent/2.3.0,2017-07-19T22:26:19.127Z,GET,/,1.1,200
node-superagent/2.3.0,2017-07-19T22:26:19.134Z,GET,/,1.1,200
node-superagent/2.3.0,2017-07-19T22:26:19.141Z,GET,/,1.1,200
node-superagent/2.3.0,2017-07-19T22:26:19.103Z,GET,/,1.1,200
node-superagent/2.3.0,2017-07-19T22:26:19.127Z,GET,/,1.1,200
node-superagent/2.3.0,2017-07-19T22:26:19.134Z,GET,/,1.1,200
node-superagent/2.3.0,2017-07-19T22:26:19.141Z,GET,/,1.1,200
node-superagent/2.3.0,2017-07-19T22:26:19.145Z,GET,/,1.1,200
node-superagent/2.3.0,2017-07-19T22:26:19.103Z,GET,/,1.1,200
node-superagent/2.3.0,2017-07-19T22:26:19.127Z,GET,/,1.1,200
node-superagent/2.3.0,2017-07-19T22:26:19.134Z,GET,/,1.1,200
node-superagent/2.3.0,2017-07-19T22:26:19.141Z,GET,/,1.1,200
node-superagent/2.3.0,2017-07-19T22:26:19.145Z,GET,/,1.1,200
node-superagent/2.3.0,2017-07-19T22:26:19.151Z,GET,/,1.1,200
node-superagent/2.3.0,2017-07-19T22:26:19.103Z,GET,/,1.1,200
node-superagent/2.3.0,2017-07-19T22:26:19.127Z,GET,/,1.1,200
node-superagent/2.3.0,2017-07-19T22:26:19.134Z,GET,/,1.1,200
node-superagent/2.3.0,2017-07-19T22:26:19.141Z,GET,/,1.1,200
node-superagent/2.3.0,2017-07-19T22:26:19.145Z,GET,/,1.1,200
node-superagent/2.3.0,2017-07-19T22:26:19.151Z,GET,/,1.1,200
node-superagent/2.3.0,2017-07-19T22:26:19.157Z,GET,/,1.1,200
node-superagent/2.3.0,2017-07-19T22:26:19.103Z,GET,/,1.1,200
node-superagent/2.3.0,2017-07-19T22:26:19.127Z,GET,/,1.1,200
node-superagent/2.3.0,2017-07-19T22:26:19.134Z,GET,/,1.1,200
node-superagent/2.3.0,2017-07-19T22:26:19.141Z,GET,/,1.1,200
node-superagent/2.3.0,2017-07-19T22:26:19.145Z,GET,/,1.1,200
node-superagent/2.3.0,2017-07-19T22:26:19.151Z,GET,/,1.1,200
node-superagent/2.3.0,2017-07-19T22:26:19.157Z,GET,/,1.1,200
node-superagent/2.3.0,2017-07-19T22:26:19.162Z,GET,/,1.1,200
node-superagent/2.3.0,2017-07-19T22:26:19.103Z,GET,/,1.1,200
node-superagent/2.3.0,2017-07-19T22:26:19.127Z,GET,/,1.1,200
node-superagent/2.3.0,2017-07-19T22:26:19.134Z,GET,/,1.1,200
node-superagent/2.3.0,2017-07-19T22:26:19.141Z,GET,/,1.1,200
node-superagent/2.3.0,2017-07-19T22:26:19.145Z,GET,/,1.1,200
node-superagent/2.3.0,2017-07-19T22:26:19.151Z,GET,/,1.1,200
node-superagent/2.3.0,2017-07-19T22:26:19.157Z,GET,/,1.1,200
node-superagent/2.3.0,2017-07-19T22:26:19.162Z,GET,/,1.1,200
node-superagent/2.3.0,2017-07-19T22:26:19.168Z,GET,/logs,1.1,200
node-superagent/2.3.0,2017-07-19T22:26:19.103Z,GET,/,1.1,200
node-superagent/2.3.0,2017-07-19T22:26:19.127Z,GET,/,1.1,200
node-superagent/2.3.0,2017-07-19T22:26:19.134Z,GET,/,1.1,200
node-superagent/2.3.0,2017-07-19T22:26:19.141Z,GET,/,1.1,200
node-superagent/2.3.0,2017-07-19T22:26:19.145Z,GET,/,1.1,200
node-superagent/2.3.0,2017-07-19T22:26:19.151Z,GET,/,1.1,200
node-superagent/2.3.0,2017-07-19T22:26:19.157Z,GET,/,1.1,200
node-superagent/2.3.0,2017-07-19T22:26:19.162Z,GET,/,1.1,200
node-superagent/2.3.0,2017-07-19T22:26:19.168Z,GET,/logs,1.1,200
node-superagent/2.3.0,2017-07-19T22:26:19.172Z,GET,/logs,1.1,200
node-superagent/2.3.0,2017-07-19T22:37:08.269Z,GET,/,1.1,200
node-superagent/2.3.0,2017-07-19T22:37:08.269Z,GET,/,1.1,200
node-superagent/2.3.0,2017-07-19T22:37:08.292Z,GET,/,1.1,200
node-superagent/2.3.0,2017-07-19T22:37:08.269Z,GET,/,1.1,200
node-superagent/2.3.0,2017-07-19T22:37:08.292Z,GET,/,1.1,200
node-superagent/2.3.0,2017-07-19T22:37:08.299Z,GET,/,1.1,200
node-superagent/2.3.0,2017-07-19T22:37:08.269Z,GET,/,1.1,200
node-superagent/2.3.0,2017-07-19T22:37:08.292Z,GET,/,1.1,200
node-superagent/2.3.0,2017-07-19T22:37:08.299Z,GET,/,1.1,200
node-superagent/2.3.0,2017-07-19T22:37:08.305Z,GET,/,1.1,200
node-superagent/2.3.0,2017-07-19T22:37:08.269Z,GET,/,1.1,200
node-superagent/2.3.0,2017-07-19T22:37:08.292Z,GET,/,1.1,200
node-superagent/2.3.0,2017-07-19T22:37:08.299Z,GET,/,1.1,200
node-superagent/2.3.0,2017-07-19T22:37:08.305Z,GET,/,1.1,200
node-superagent/2.3.0,2017-07-19T22:37:08.308Z,GET,/,1.1,200
node-superagent/2.3.0,2017-07-19T22:37:08.269Z,GET,/,1.1,200
node-superagent/2.3.0,2017-07-19T22:37:08.292Z,GET,/,1.1,200
node-superagent/2.3.0,2017-07-19T22:37:08.299Z,GET,/,1.1,200
node-superagent/2.3.0,2017-07-19T22:37:08.305Z,GET,/,1.1,200
node-superagent/2.3.0,2017-07-19T22:37:08.308Z,GET,/,1.1,200
node-superagent/2.3.0,2017-07-19T22:37:08.314Z,GET,/,1.1,200
node-superagent/2.3.0,2017-07-19T22:37:08.269Z,GET,/,1.1,200
node-superagent/2.3.0,2017-07-19T22:37:08.292Z,GET,/,1.1,200
node-superagent/2.3.0,2017-07-19T22:37:08.299Z,GET,/,1.1,200
node-superagent/2.3.0,2017-07-19T22:37:08.305Z,GET,/,1.1,200
node-superagent/2.3.0,2017-07-19T22:37:08.308Z,GET,/,1.1,200
node-superagent/2.3.0,2017-07-19T22:37:08.314Z,GET,/,1.1,200
node-superagent/2.3.0,2017-07-19T22:37:08.319Z,GET,/,1.1,200
node-superagent/2.3.0,2017-07-19T22:37:08.269Z,GET,/,1.1,200
node-superagent/2.3.0,2017-07-19T22:37:08.292Z,GET,/,1.1,200
node-superagent/2.3.0,2017-07-19T22:37:08.299Z,GET,/,1.1,200
node-superagent/2.3.0,2017-07-19T22:37:08.305Z,GET,/,1.1,200
node-superagent/2.3.0,2017-07-19T22:37:08.308Z,GET,/,1.1,200
node-superagent/2.3.0,2017-07-19T22:37:08.314Z,GET,/,1.1,200
node-superagent/2.3.0,2017-07-19T22:37:08.319Z,GET,/,1.1,200
node-superagent/2.3.0,2017-07-19T22:37:08.325Z,GET,/,1.1,200
node-superagent/2.3.0,2017-07-19T22:37:08.269Z,GET,/,1.1,200
node-superagent/2.3.0,2017-07-19T22:37:08.292Z,GET,/,1.1,200
node-superagent/2.3.0,2017-07-19T22:37:08.299Z,GET,/,1.1,200
node-superagent/2.3.0,2017-07-19T22:37:08.305Z,GET,/,1.1,200
node-superagent/2.3.0,2017-07-19T22:37:08.308Z,GET,/,1.1,200
node-superagent/2.3.0,2017-07-19T22:37:08.314Z,GET,/,1.1,200
node-superagent/2.3.0,2017-07-19T22:37:08.319Z,GET,/,1.1,200
node-superagent/2.3.0,2017-07-19T22:37:08.325Z,GET,/,1.1,200
node-superagent/2.3.0,2017-07-19T22:37:08.331Z,GET,/logs,1.1,200
node-superagent/2.3.0,2017-07-19T22:37:08.269Z,GET,/,1.1,200
node-superagent/2.3.0,2017-07-19T22:37:08.292Z,GET,/,1.1,200
node-superagent/2.3.0,2017-07-19T22:37:08.299Z,GET,/,1.1,200
node-superagent/2.3.0,2017-07-19T22:37:08.305Z,GET,/,1.1,200
node-superagent/2.3.0,2017-07-19T22:37:08.308Z,GET,/,1.1,200
node-superagent/2.3.0,2017-07-19T22:37:08.314Z,GET,/,1.1,200
node-superagent/2.3.0,2017-07-19T22:37:08.319Z,GET,/,1.1,200
node-superagent/2.3.0,2017-07-19T22:37:08.325Z,GET,/,1.1,200
node-superagent/2.3.0,2017-07-19T22:37:08.331Z,GET,/logs,1.1,200
node-superagent/2.3.0,2017-07-19T22:37:08.335Z,GET,/logs,1.1,200
node-superagent/2.3.0,2017-07-19T22:56:11.685Z,GET,/,1.1,200
node-superagent/2.3.0,2017-07-19T22:56:11.685Z,GET,/,1.1,200
node-superagent/2.3.0,2017-07-19T22:56:11.707Z,GET,/,1.1,200
node-superagent/2.3.0,2017-07-19T22:56:11.685Z,GET,/,1.1,200
node-superagent/2.3.0,2017-07-19T22:56:11.707Z,GET,/,1.1,200
node-superagent/2.3.0,2017-07-19T22:56:11.714Z,GET,/,1.1,200
node-superagent/2.3.0,2017-07-19T22:56:11.685Z,GET,/,1.1,200
node-superagent/2.3.0,2017-07-19T22:56:11.707Z,GET,/,1.1,200
node-superagent/2.3.0,2017-07-19T22:56:11.714Z,GET,/,1.1,200
node-superagent/2.3.0,2017-07-19T22:56:11.721Z,GET,/,1.1,200
node-superagent/2.3.0,2017-07-19T22:56:11.685Z,GET,/,1.1,200
node-superagent/2.3.0,2017-07-19T22:56:11.707Z,GET,/,1.1,200
node-superagent/2.3.0,2017-07-19T22:56:11.714Z,GET,/,1.1,200
node-superagent/2.3.0,2017-07-19T22:56:11.721Z,GET,/,1.1,200
node-superagent/2.3.0,2017-07-19T22:56:11.725Z,GET,/,1.1,200
node-superagent/2.3.0,2017-07-19T22:56:11.685Z,GET,/,1.1,200
node-superagent/2.3.0,2017-07-19T22:56:11.707Z,GET,/,1.1,200
node-superagent/2.3.0,2017-07-19T22:56:11.714Z,GET,/,1.1,200
node-superagent/2.3.0,2017-07-19T22:56:11.721Z,GET,/,1.1,200
node-superagent/2.3.0,2017-07-19T22:56:11.725Z,GET,/,1.1,200
node-superagent/2.3.0,2017-07-19T22:56:11.729Z,GET,/,1.1,200
node-superagent/2.3.0,2017-07-19T22:56:11.685Z,GET,/,1.1,200
node-superagent/2.3.0,2017-07-19T22:56:11.707Z,GET,/,1.1,200
node-superagent/2.3.0,2017-07-19T22:56:11.714Z,GET,/,1.1,200
node-superagent/2.3.0,2017-07-19T22:56:11.721Z,GET,/,1.1,200
node-superagent/2.3.0,2017-07-19T22:56:11.725Z,GET,/,1.1,200
node-superagent/2.3.0,2017-07-19T22:56:11.729Z,GET,/,1.1,200
node-superagent/2.3.0,2017-07-19T22:56:11.734Z,GET,/,1.1,200
node-superagent/2.3.0,2017-07-19T22:56:11.685Z,GET,/,1.1,200
node-superagent/2.3.0,2017-07-19T22:56:11.707Z,GET,/,1.1,200
node-superagent/2.3.0,2017-07-19T22:56:11.714Z,GET,/,1.1,200
node-superagent/2.3.0,2017-07-19T22:56:11.721Z,GET,/,1.1,200
node-superagent/2.3.0,2017-07-19T22:56:11.725Z,GET,/,1.1,200
node-superagent/2.3.0,2017-07-19T22:56:11.729Z,GET,/,1.1,200
node-superagent/2.3.0,2017-07-19T22:56:11.734Z,GET,/,1.1,200
node-superagent/2.3.0,2017-07-19T22:56:11.739Z,GET,/,1.1,200
node-superagent/2.3.0,2017-07-19T22:56:11.685Z,GET,/,1.1,200
node-superagent/2.3.0,2017-07-19T22:56:11.707Z,GET,/,1.1,200
node-superagent/2.3.0,2017-07-19T22:56:11.714Z,GET,/,1.1,200
node-superagent/2.3.0,2017-07-19T22:56:11.721Z,GET,/,1.1,200
node-superagent/2.3.0,2017-07-19T22:56:11.725Z,GET,/,1.1,200
node-superagent/2.3.0,2017-07-19T22:56:11.729Z,GET,/,1.1,200
node-superagent/2.3.0,2017-07-19T22:56:11.734Z,GET,/,1.1,200
node-superagent/2.3.0,2017-07-19T22:56:11.739Z,GET,/,1.1,200
node-superagent/2.3.0,2017-07-19T22:56:11.743Z,GET,/logs,1.1,200
node-superagent/2.3.0,2017-07-19T22:56:11.685Z,GET,/,1.1,200
node-superagent/2.3.0,2017-07-19T22:56:11.707Z,GET,/,1.1,200
node-superagent/2.3.0,2017-07-19T22:56:11.714Z,GET,/,1.1,200
node-superagent/2.3.0,2017-07-19T22:56:11.721Z,GET,/,1.1,200
node-superagent/2.3.0,2017-07-19T22:56:11.725Z,GET,/,1.1,200
node-superagent/2.3.0,2017-07-19T22:56:11.729Z,GET,/,1.1,200
node-superagent/2.3.0,2017-07-19T22:56:11.734Z,GET,/,1.1,200
node-superagent/2.3.0,2017-07-19T22:56:11.739Z,GET,/,1.1,200
node-superagent/2.3.0,2017-07-19T22:56:11.743Z,GET,/logs,1.1,200
node-superagent/2.3.0,2017-07-19T22:56:11.747Z,GET,/logs,1.1,200
node-superagent/2.3.0,2017-07-19T22:56:40.776Z,GET,/,1.1,200
node-superagent/2.3.0,2017-07-19T22:56:40.776Z,GET,/,1.1,200
node-superagent/2.3.0,2017-07-19T22:56:40.799Z,GET,/,1.1,200
node-superagent/2.3.0,2017-07-19T22:56:40.776Z,GET,/,1.1,200
node-superagent/2.3.0,2017-07-19T22:56:40.799Z,GET,/,1.1,200
node-superagent/2.3.0,2017-07-19T22:56:40.805Z,GET,/,1.1,200
node-superagent/2.3.0,2017-07-19T22:56:40.776Z,GET,/,1.1,200
node-superagent/2.3.0,2017-07-19T22:56:40.799Z,GET,/,1.1,200
node-superagent/2.3.0,2017-07-19T22:56:40.805Z,GET,/,1.1,200
node-superagent/2.3.0,2017-07-19T22:56:40.812Z,GET,/,1.1,200
node-superagent/2.3.0,2017-07-19T22:56:40.776Z,GET,/,1.1,200
node-superagent/2.3.0,2017-07-19T22:56:40.799Z,GET,/,1.1,200
node-superagent/2.3.0,2017-07-19T22:56:40.805Z,GET,/,1.1,200
node-superagent/2.3.0,2017-07-19T22:56:40.812Z,GET,/,1.1,200
node-superagent/2.3.0,2017-07-19T22:56:40.817Z,GET,/,1.1,200
node-superagent/2.3.0,2017-07-19T22:56:40.776Z,GET,/,1.1,200
node-superagent/2.3.0,2017-07-19T22:56:40.799Z,GET,/,1.1,200
node-superagent/2.3.0,2017-07-19T22:56:40.805Z,GET,/,1.1,200
node-superagent/2.3.0,2017-07-19T22:56:40.812Z,GET,/,1.1,200
node-superagent/2.3.0,2017-07-19T22:56:40.817Z,GET,/,1.1,200
node-superagent/2.3.0,2017-07-19T22:56:40.820Z,GET,/,1.1,200
node-superagent/2.3.0,2017-07-19T22:56:40.776Z,GET,/,1.1,200
node-superagent/2.3.0,2017-07-19T22:56:40.799Z,GET,/,1.1,200
node-superagent/2.3.0,2017-07-19T22:56:40.805Z,GET,/,1.1,200
node-superagent/2.3.0,2017-07-19T22:56:40.812Z,GET,/,1.1,200
node-superagent/2.3.0,2017-07-19T22:56:40.817Z,GET,/,1.1,200
node-superagent/2.3.0,2017-07-19T22:56:40.820Z,GET,/,1.1,200
node-superagent/2.3.0,2017-07-19T22:56:40.826Z,GET,/,1.1,200
node-superagent/2.3.0,2017-07-19T22:56:40.776Z,GET,/,1.1,200
node-superagent/2.3.0,2017-07-19T22:56:40.799Z,GET,/,1.1,200
node-superagent/2.3.0,2017-07-19T22:56:40.805Z,GET,/,1.1,200
node-superagent/2.3.0,2017-07-19T22:56:40.812Z,GET,/,1.1,200
node-superagent/2.3.0,2017-07-19T22:56:40.817Z,GET,/,1.1,200
node-superagent/2.3.0,2017-07-19T22:56:40.820Z,GET,/,1.1,200
node-superagent/2.3.0,2017-07-19T22:56:40.826Z,GET,/,1.1,200
node-superagent/2.3.0,2017-07-19T22:56:40.833Z,GET,/,1.1,200
node-superagent/2.3.0,2017-07-19T22:56:40.776Z,GET,/,1.1,200
node-superagent/2.3.0,2017-07-19T22:56:40.799Z,GET,/,1.1,200
node-superagent/2.3.0,2017-07-19T22:56:40.805Z,GET,/,1.1,200
node-superagent/2.3.0,2017-07-19T22:56:40.812Z,GET,/,1.1,200
node-superagent/2.3.0,2017-07-19T22:56:40.817Z,GET,/,1.1,200
node-superagent/2.3.0,2017-07-19T22:56:40.820Z,GET,/,1.1,200
node-superagent/2.3.0,2017-07-19T22:56:40.826Z,GET,/,1.1,200
node-superagent/2.3.0,2017-07-19T22:56:40.833Z,GET,/,1.1,200
node-superagent/2.3.0,2017-07-19T22:56:40.838Z,GET,/logs,1.1,200
node-superagent/2.3.0,2017-07-19T22:56:40.776Z,GET,/,1.1,200
node-superagent/2.3.0,2017-07-19T22:56:40.799Z,GET,/,1.1,200
node-superagent/2.3.0,2017-07-19T22:56:40.805Z,GET,/,1.1,200
node-superagent/2.3.0,2017-07-19T22:56:40.812Z,GET,/,1.1,200
node-superagent/2.3.0,2017-07-19T22:56:40.817Z,GET,/,1.1,200
node-superagent/2.3.0,2017-07-19T22:56:40.820Z,GET,/,1.1,200
node-superagent/2.3.0,2017-07-19T22:56:40.826Z,GET,/,1.1,200
node-superagent/2.3.0,2017-07-19T22:56:40.833Z,GET,/,1.1,200
node-superagent/2.3.0,2017-07-19T22:56:40.838Z,GET,/logs,1.1,200
node-superagent/2.3.0,2017-07-19T22:56:40.842Z,GET,/logs,1.1,200
node-superagent/2.3.0,2017-07-19T23:00:05.690Z,GET,/,1.1,200
node-superagent/2.3.0,2017-07-19T23:00:05.690Z,GET,/,1.1,200
node-superagent/2.3.0,2017-07-19T23:00:05.711Z,GET,/,1.1,200
node-superagent/2.3.0,2017-07-19T23:00:05.690Z,GET,/,1.1,200
node-superagent/2.3.0,2017-07-19T23:00:05.711Z,GET,/,1.1,200
node-superagent/2.3.0,2017-07-19T23:00:05.717Z,GET,/,1.1,200
node-superagent/2.3.0,2017-07-19T23:00:05.690Z,GET,/,1.1,200
node-superagent/2.3.0,2017-07-19T23:00:05.711Z,GET,/,1.1,200
node-superagent/2.3.0,2017-07-19T23:00:05.717Z,GET,/,1.1,200
node-superagent/2.3.0,2017-07-19T23:00:05.723Z,GET,/,1.1,200
node-superagent/2.3.0,2017-07-19T23:00:05.690Z,GET,/,1.1,200
node-superagent/2.3.0,2017-07-19T23:00:05.711Z,GET,/,1.1,200
node-superagent/2.3.0,2017-07-19T23:00:05.717Z,GET,/,1.1,200
node-superagent/2.3.0,2017-07-19T23:00:05.723Z,GET,/,1.1,200
node-superagent/2.3.0,2017-07-19T23:00:05.726Z,GET,/,1.1,200
node-superagent/2.3.0,2017-07-19T23:00:05.690Z,GET,/,1.1,200
node-superagent/2.3.0,2017-07-19T23:00:05.711Z,GET,/,1.1,200
node-superagent/2.3.0,2017-07-19T23:00:05.717Z,GET,/,1.1,200
node-superagent/2.3.0,2017-07-19T23:00:05.723Z,GET,/,1.1,200
node-superagent/2.3.0,2017-07-19T23:00:05.726Z,GET,/,1.1,200
node-superagent/2.3.0,2017-07-19T23:00:05.729Z,GET,/,1.1,200
node-superagent/2.3.0,2017-07-19T23:00:05.690Z,GET,/,1.1,200
node-superagent/2.3.0,2017-07-19T23:00:05.711Z,GET,/,1.1,200
node-superagent/2.3.0,2017-07-19T23:00:05.717Z,GET,/,1.1,200
node-superagent/2.3.0,2017-07-19T23:00:05.723Z,GET,/,1.1,200
node-superagent/2.3.0,2017-07-19T23:00:05.726Z,GET,/,1.1,200
node-superagent/2.3.0,2017-07-19T23:00:05.729Z,GET,/,1.1,200
node-superagent/2.3.0,2017-07-19T23:00:05.735Z,GET,/,1.1,200
node-superagent/2.3.0,2017-07-19T23:00:05.690Z,GET,/,1.1,200
node-superagent/2.3.0,2017-07-19T23:00:05.711Z,GET,/,1.1,200
node-superagent/2.3.0,2017-07-19T23:00:05.717Z,GET,/,1.1,200
node-superagent/2.3.0,2017-07-19T23:00:05.723Z,GET,/,1.1,200
node-superagent/2.3.0,2017-07-19T23:00:05.726Z,GET,/,1.1,200
node-superagent/2.3.0,2017-07-19T23:00:05.729Z,GET,/,1.1,200
node-superagent/2.3.0,2017-07-19T23:00:05.735Z,GET,/,1.1,200
node-superagent/2.3.0,2017-07-19T23:00:05.739Z,GET,/,1.1,200
node-superagent/2.3.0,2017-07-19T23:00:05.690Z,GET,/,1.1,200
node-superagent/2.3.0,2017-07-19T23:00:05.711Z,GET,/,1.1,200
node-superagent/2.3.0,2017-07-19T23:00:05.717Z,GET,/,1.1,200
node-superagent/2.3.0,2017-07-19T23:00:05.723Z,GET,/,1.1,200
node-superagent/2.3.0,2017-07-19T23:00:05.726Z,GET,/,1.1,200
node-superagent/2.3.0,2017-07-19T23:00:05.729Z,GET,/,1.1,200
node-superagent/2.3.0,2017-07-19T23:00:05.735Z,GET,/,1.1,200
node-superagent/2.3.0,2017-07-19T23:00:05.739Z,GET,/,1.1,200
node-superagent/2.3.0,2017-07-19T23:00:05.744Z,GET,/logs,1.1,200
node-superagent/2.3.0,2017-07-19T23:00:05.690Z,GET,/,1.1,200
node-superagent/2.3.0,2017-07-19T23:00:05.711Z,GET,/,1.1,200
node-superagent/2.3.0,2017-07-19T23:00:05.717Z,GET,/,1.1,200
node-superagent/2.3.0,2017-07-19T23:00:05.723Z,GET,/,1.1,200
node-superagent/2.3.0,2017-07-19T23:00:05.726Z,GET,/,1.1,200
node-superagent/2.3.0,2017-07-19T23:00:05.729Z,GET,/,1.1,200
node-superagent/2.3.0,2017-07-19T23:00:05.735Z,GET,/,1.1,200
node-superagent/2.3.0,2017-07-19T23:00:05.739Z,GET,/,1.1,200
node-superagent/2.3.0,2017-07-19T23:00:05.744Z,GET,/logs,1.1,200
node-superagent/2.3.0,2017-07-19T23:00:05.748Z,GET,/logs,1.1,200
node-superagent/2.3.0,2017-07-19T23:03:44.079Z,GET,/,1.1,200
node-superagent/2.3.0,2017-07-19T23:03:44.079Z,GET,/,1.1,200
node-superagent/2.3.0,2017-07-19T23:03:44.104Z,GET,/,1.1,200
node-superagent/2.3.0,2017-07-19T23:03:44.079Z,GET,/,1.1,200
node-superagent/2.3.0,2017-07-19T23:03:44.104Z,GET,/,1.1,200
node-superagent/2.3.0,2017-07-19T23:03:44.112Z,GET,/,1.1,200
node-superagent/2.3.0,2017-07-19T23:03:44.079Z,GET,/,1.1,200
node-superagent/2.3.0,2017-07-19T23:03:44.104Z,GET,/,1.1,200
node-superagent/2.3.0,2017-07-19T23:03:44.112Z,GET,/,1.1,200
node-superagent/2.3.0,2017-07-19T23:03:44.119Z,GET,/,1.1,200
node-superagent/2.3.0,2017-07-19T23:03:44.079Z,GET,/,1.1,200
node-superagent/2.3.0,2017-07-19T23:03:44.104Z,GET,/,1.1,200
node-superagent/2.3.0,2017-07-19T23:03:44.112Z,GET,/,1.1,200
node-superagent/2.3.0,2017-07-19T23:03:44.119Z,GET,/,1.1,200
node-superagent/2.3.0,2017-07-19T23:03:44.124Z,GET,/,1.1,200
node-superagent/2.3.0,2017-07-19T23:03:44.079Z,GET,/,1.1,200
node-superagent/2.3.0,2017-07-19T23:03:44.104Z,GET,/,1.1,200
node-superagent/2.3.0,2017-07-19T23:03:44.112Z,GET,/,1.1,200
node-superagent/2.3.0,2017-07-19T23:03:44.119Z,GET,/,1.1,200
node-superagent/2.3.0,2017-07-19T23:03:44.124Z,GET,/,1.1,200
node-superagent/2.3.0,2017-07-19T23:03:44.127Z,GET,/,1.1,200
node-superagent/2.3.0,2017-07-19T23:03:44.079Z,GET,/,1.1,200
node-superagent/2.3.0,2017-07-19T23:03:44.104Z,GET,/,1.1,200
node-superagent/2.3.0,2017-07-19T23:03:44.112Z,GET,/,1.1,200
node-superagent/2.3.0,2017-07-19T23:03:44.119Z,GET,/,1.1,200
node-superagent/2.3.0,2017-07-19T23:03:44.124Z,GET,/,1.1,200
node-superagent/2.3.0,2017-07-19T23:03:44.127Z,GET,/,1.1,200
node-superagent/2.3.0,2017-07-19T23:03:44.133Z,GET,/,1.1,200
node-superagent/2.3.0,2017-07-19T23:03:44.079Z,GET,/,1.1,200
node-superagent/2.3.0,2017-07-19T23:03:44.104Z,GET,/,1.1,200
node-superagent/2.3.0,2017-07-19T23:03:44.112Z,GET,/,1.1,200
node-superagent/2.3.0,2017-07-19T23:03:44.119Z,GET,/,1.1,200
node-superagent/2.3.0,2017-07-19T23:03:44.124Z,GET,/,1.1,200
node-superagent/2.3.0,2017-07-19T23:03:44.127Z,GET,/,1.1,200
node-superagent/2.3.0,2017-07-19T23:03:44.133Z,GET,/,1.1,200
node-superagent/2.3.0,2017-07-19T23:03:44.140Z,GET,/,1.1,200
node-superagent/2.3.0,2017-07-19T23:03:44.079Z,GET,/,1.1,200
node-superagent/2.3.0,2017-07-19T23:03:44.104Z,GET,/,1.1,200
node-superagent/2.3.0,2017-07-19T23:03:44.112Z,GET,/,1.1,200
node-superagent/2.3.0,2017-07-19T23:03:44.119Z,GET,/,1.1,200
node-superagent/2.3.0,2017-07-19T23:03:44.124Z,GET,/,1.1,200
node-superagent/2.3.0,2017-07-19T23:03:44.127Z,GET,/,1.1,200
node-superagent/2.3.0,2017-07-19T23:03:44.133Z,GET,/,1.1,200
node-superagent/2.3.0,2017-07-19T23:03:44.140Z,GET,/,1.1,200
node-superagent/2.3.0,2017-07-19T23:03:44.144Z,GET,/logs,1.1,200
node-superagent/2.3.0,2017-07-19T23:03:44.079Z,GET,/,1.1,200
node-superagent/2.3.0,2017-07-19T23:03:44.104Z,GET,/,1.1,200
node-superagent/2.3.0,2017-07-19T23:03:44.112Z,GET,/,1.1,200
node-superagent/2.3.0,2017-07-19T23:03:44.119Z,GET,/,1.1,200
node-superagent/2.3.0,2017-07-19T23:03:44.124Z,GET,/,1.1,200
node-superagent/2.3.0,2017-07-19T23:03:44.127Z,GET,/,1.1,200
node-superagent/2.3.0,2017-07-19T23:03:44.133Z,GET,/,1.1,200
node-superagent/2.3.0,2017-07-19T23:03:44.140Z,GET,/,1.1,200
node-superagent/2.3.0,2017-07-19T23:03:44.144Z,GET,/logs,1.1,200
node-superagent/2.3.0,2017-07-19T23:03:44.149Z,GET,/logs,1.1,200
node-superagent/2.3.0,2017-07-19T23:27:20.433Z,GET,/,1.1,200
node-superagent/2.3.0,2017-07-19T23:27:20.433Z,GET,/,1.1,200
node-superagent/2.3.0,2017-07-19T23:27:20.465Z,GET,/,1.1,200
node-superagent/2.3.0,2017-07-19T23:27:20.433Z,GET,/,1.1,200
node-superagent/2.3.0,2017-07-19T23:27:20.465Z,GET,/,1.1,200
node-superagent/2.3.0,2017-07-19T23:27:20.473Z,GET,/,1.1,200
node-superagent/2.3.0,2017-07-19T23:27:20.433Z,GET,/,1.1,200
node-superagent/2.3.0,2017-07-19T23:27:20.465Z,GET,/,1.1,200
node-superagent/2.3.0,2017-07-19T23:27:20.473Z,GET,/,1.1,200
node-superagent/2.3.0,2017-07-19T23:27:20.478Z,GET,/,1.1,200
node-superagent/2.3.0,2017-07-19T23:27:20.433Z,GET,/,1.1,200
node-superagent/2.3.0,2017-07-19T23:27:20.465Z,GET,/,1.1,200
node-superagent/2.3.0,2017-07-19T23:27:20.473Z,GET,/,1.1,200
node-superagent/2.3.0,2017-07-19T23:27:20.478Z,GET,/,1.1,200
node-superagent/2.3.0,2017-07-19T23:27:20.481Z,GET,/,1.1,200
node-superagent/2.3.0,2017-07-19T23:27:20.433Z,GET,/,1.1,200
node-superagent/2.3.0,2017-07-19T23:27:20.465Z,GET,/,1.1,200
node-superagent/2.3.0,2017-07-19T23:27:20.473Z,GET,/,1.1,200
node-superagent/2.3.0,2017-07-19T23:27:20.478Z,GET,/,1.1,200
node-superagent/2.3.0,2017-07-19T23:27:20.481Z,GET,/,1.1,200
node-superagent/2.3.0,2017-07-19T23:27:20.486Z,GET,/,1.1,200
node-superagent/2.3.0,2017-07-19T23:27:20.433Z,GET,/,1.1,200
node-superagent/2.3.0,2017-07-19T23:27:20.465Z,GET,/,1.1,200
node-superagent/2.3.0,2017-07-19T23:27:20.473Z,GET,/,1.1,200
node-superagent/2.3.0,2017-07-19T23:27:20.478Z,GET,/,1.1,200
node-superagent/2.3.0,2017-07-19T23:27:20.481Z,GET,/,1.1,200
node-superagent/2.3.0,2017-07-19T23:27:20.486Z,GET,/,1.1,200
node-superagent/2.3.0,2017-07-19T23:27:20.490Z,GET,/,1.1,200
node-superagent/2.3.0,2017-07-19T23:27:20.433Z,GET,/,1.1,200
node-superagent/2.3.0,2017-07-19T23:27:20.465Z,GET,/,1.1,200
node-superagent/2.3.0,2017-07-19T23:27:20.473Z,GET,/,1.1,200
node-superagent/2.3.0,2017-07-19T23:27:20.478Z,GET,/,1.1,200
node-superagent/2.3.0,2017-07-19T23:27:20.481Z,GET,/,1.1,200
node-superagent/2.3.0,2017-07-19T23:27:20.486Z,GET,/,1.1,200
node-superagent/2.3.0,2017-07-19T23:27:20.490Z,GET,/,1.1,200
node-superagent/2.3.0,2017-07-19T23:27:20.495Z,GET,/,1.1,200
node-superagent/2.3.0,2017-07-19T23:27:20.433Z,GET,/,1.1,200
node-superagent/2.3.0,2017-07-19T23:27:20.465Z,GET,/,1.1,200
node-superagent/2.3.0,2017-07-19T23:27:20.473Z,GET,/,1.1,200
node-superagent/2.3.0,2017-07-19T23:27:20.478Z,GET,/,1.1,200
node-superagent/2.3.0,2017-07-19T23:27:20.481Z,GET,/,1.1,200
node-superagent/2.3.0,2017-07-19T23:27:20.486Z,GET,/,1.1,200
node-superagent/2.3.0,2017-07-19T23:27:20.490Z,GET,/,1.1,200
node-superagent/2.3.0,2017-07-19T23:27:20.495Z,GET,/,1.1,200
node-superagent/2.3.0,2017-07-19T23:27:20.501Z,GET,/logs,1.1,200
node-superagent/2.3.0,2017-07-19T23:27:20.433Z,GET,/,1.1,200
node-superagent/2.3.0,2017-07-19T23:27:20.465Z,GET,/,1.1,200
node-superagent/2.3.0,2017-07-19T23:27:20.473Z,GET,/,1.1,200
node-superagent/2.3.0,2017-07-19T23:27:20.478Z,GET,/,1.1,200
node-superagent/2.3.0,2017-07-19T23:27:20.481Z,GET,/,1.1,200
node-superagent/2.3.0,2017-07-19T23:27:20.486Z,GET,/,1.1,200
node-superagent/2.3.0,2017-07-19T23:27:20.490Z,GET,/,1.1,200
node-superagent/2.3.0,2017-07-19T23:27:20.495Z,GET,/,1.1,200
node-superagent/2.3.0,2017-07-19T23:27:20.501Z,GET,/logs,1.1,200
node-superagent/2.3.0,2017-07-19T23:27:20.506Z,GET,/logs,1.1,200
node-superagent/2.3.0,2017-07-19T23:27:49.671Z,GET,/,1.1,200
node-superagent/2.3.0,2017-07-19T23:27:49.671Z,GET,/,1.1,200
node-superagent/2.3.0,2017-07-19T23:27:49.695Z,GET,/,1.1,200
node-superagent/2.3.0,2017-07-19T23:27:49.671Z,GET,/,1.1,200
node-superagent/2.3.0,2017-07-19T23:27:49.695Z,GET,/,1.1,200
node-superagent/2.3.0,2017-07-19T23:27:49.700Z,GET,/,1.1,200
node-superagent/2.3.0,2017-07-19T23:27:49.671Z,GET,/,1.1,200
node-superagent/2.3.0,2017-07-19T23:27:49.695Z,GET,/,1.1,200
node-superagent/2.3.0,2017-07-19T23:27:49.700Z,GET,/,1.1,200
node-superagent/2.3.0,2017-07-19T23:27:49.706Z,GET,/,1.1,200
node-superagent/2.3.0,2017-07-19T23:27:49.671Z,GET,/,1.1,200
node-superagent/2.3.0,2017-07-19T23:27:49.695Z,GET,/,1.1,200
node-superagent/2.3.0,2017-07-19T23:27:49.700Z,GET,/,1.1,200
node-superagent/2.3.0,2017-07-19T23:27:49.706Z,GET,/,1.1,200
node-superagent/2.3.0,2017-07-19T23:27:49.710Z,GET,/,1.1,200
node-superagent/2.3.0,2017-07-19T23:27:49.671Z,GET,/,1.1,200
node-superagent/2.3.0,2017-07-19T23:27:49.695Z,GET,/,1.1,200
node-superagent/2.3.0,2017-07-19T23:27:49.700Z,GET,/,1.1,200
node-superagent/2.3.0,2017-07-19T23:27:49.706Z,GET,/,1.1,200
node-superagent/2.3.0,2017-07-19T23:27:49.710Z,GET,/,1.1,200
node-superagent/2.3.0,2017-07-19T23:27:49.713Z,GET,/,1.1,200
node-superagent/2.3.0,2017-07-19T23:27:49.671Z,GET,/,1.1,200
node-superagent/2.3.0,2017-07-19T23:27:49.695Z,GET,/,1.1,200
node-superagent/2.3.0,2017-07-19T23:27:49.700Z,GET,/,1.1,200
node-superagent/2.3.0,2017-07-19T23:27:49.706Z,GET,/,1.1,200
node-superagent/2.3.0,2017-07-19T23:27:49.710Z,GET,/,1.1,200
node-superagent/2.3.0,2017-07-19T23:27:49.713Z,GET,/,1.1,200
node-superagent/2.3.0,2017-07-19T23:27:49.720Z,GET,/,1.1,200
node-superagent/2.3.0,2017-07-19T23:27:49.671Z,GET,/,1.1,200
node-superagent/2.3.0,2017-07-19T23:27:49.695Z,GET,/,1.1,200
node-superagent/2.3.0,2017-07-19T23:27:49.700Z,GET,/,1.1,200
node-superagent/2.3.0,2017-07-19T23:27:49.706Z,GET,/,1.1,200
node-superagent/2.3.0,2017-07-19T23:27:49.710Z,GET,/,1.1,200
node-superagent/2.3.0,2017-07-19T23:27:49.713Z,GET,/,1.1,200
node-superagent/2.3.0,2017-07-19T23:27:49.720Z,GET,/,1.1,200
node-superagent/2.3.0,2017-07-19T23:27:49.727Z,GET,/,1.1,200
node-superagent/2.3.0,2017-07-19T23:27:49.671Z,GET,/,1.1,200
node-superagent/2.3.0,2017-07-19T23:27:49.695Z,GET,/,1.1,200
node-superagent/2.3.0,2017-07-19T23:27:49.700Z,GET,/,1.1,200
node-superagent/2.3.0,2017-07-19T23:27:49.706Z,GET,/,1.1,200
node-superagent/2.3.0,2017-07-19T23:27:49.710Z,GET,/,1.1,200
node-superagent/2.3.0,2017-07-19T23:27:49.713Z,GET,/,1.1,200
node-superagent/2.3.0,2017-07-19T23:27:49.720Z,GET,/,1.1,200
node-superagent/2.3.0,2017-07-19T23:27:49.727Z,GET,/,1.1,200
node-superagent/2.3.0,2017-07-19T23:27:49.730Z,GET,/logs,1.1,200
node-superagent/2.3.0,2017-07-19T23:27:49.671Z,GET,/,1.1,200
node-superagent/2.3.0,2017-07-19T23:27:49.695Z,GET,/,1.1,200
node-superagent/2.3.0,2017-07-19T23:27:49.700Z,GET,/,1.1,200
node-superagent/2.3.0,2017-07-19T23:27:49.706Z,GET,/,1.1,200
node-superagent/2.3.0,2017-07-19T23:27:49.710Z,GET,/,1.1,200
node-superagent/2.3.0,2017-07-19T23:27:49.713Z,GET,/,1.1,200
node-superagent/2.3.0,2017-07-19T23:27:49.720Z,GET,/,1.1,200
node-superagent/2.3.0,2017-07-19T23:27:49.727Z,GET,/,1.1,200
node-superagent/2.3.0,2017-07-19T23:27:49.730Z,GET,/logs,1.1,200
node-superagent/2.3.0,2017-07-19T23:27:49.734Z,GET,/logs,1.1,200
node-superagent/2.3.0,2017-07-19T23:30:29.918Z,GET,/,1.1,200
node-superagent/2.3.0,2017-07-19T23:30:29.918Z,GET,/,1.1,200
node-superagent/2.3.0,2017-07-19T23:30:29.941Z,GET,/,1.1,200
node-superagent/2.3.0,2017-07-19T23:30:29.918Z,GET,/,1.1,200
node-superagent/2.3.0,2017-07-19T23:30:29.941Z,GET,/,1.1,200
node-superagent/2.3.0,2017-07-19T23:30:29.947Z,GET,/,1.1,200
node-superagent/2.3.0,2017-07-19T23:30:29.918Z,GET,/,1.1,200
node-superagent/2.3.0,2017-07-19T23:30:29.941Z,GET,/,1.1,200
node-superagent/2.3.0,2017-07-19T23:30:29.947Z,GET,/,1.1,200
node-superagent/2.3.0,2017-07-19T23:30:29.953Z,GET,/,1.1,200
node-superagent/2.3.0,2017-07-19T23:30:29.918Z,GET,/,1.1,200
node-superagent/2.3.0,2017-07-19T23:30:29.941Z,GET,/,1.1,200
node-superagent/2.3.0,2017-07-19T23:30:29.947Z,GET,/,1.1,200
node-superagent/2.3.0,2017-07-19T23:30:29.953Z,GET,/,1.1,200
node-superagent/2.3.0,2017-07-19T23:30:29.956Z,GET,/,1.1,200
node-superagent/2.3.0,2017-07-19T23:30:29.918Z,GET,/,1.1,200
node-superagent/2.3.0,2017-07-19T23:30:29.941Z,GET,/,1.1,200
node-superagent/2.3.0,2017-07-19T23:30:29.947Z,GET,/,1.1,200
node-superagent/2.3.0,2017-07-19T23:30:29.953Z,GET,/,1.1,200
node-superagent/2.3.0,2017-07-19T23:30:29.956Z,GET,/,1.1,200
node-superagent/2.3.0,2017-07-19T23:30:29.960Z,GET,/,1.1,200
node-superagent/2.3.0,2017-07-19T23:30:29.918Z,GET,/,1.1,200
node-superagent/2.3.0,2017-07-19T23:30:29.941Z,GET,/,1.1,200
node-superagent/2.3.0,2017-07-19T23:30:29.947Z,GET,/,1.1,200
node-superagent/2.3.0,2017-07-19T23:30:29.953Z,GET,/,1.1,200
node-superagent/2.3.0,2017-07-19T23:30:29.956Z,GET,/,1.1,200
node-superagent/2.3.0,2017-07-19T23:30:29.960Z,GET,/,1.1,200
node-superagent/2.3.0,2017-07-19T23:30:29.966Z,GET,/,1.1,200
node-superagent/2.3.0,2017-07-19T23:30:29.918Z,GET,/,1.1,200
node-superagent/2.3.0,2017-07-19T23:30:29.941Z,GET,/,1.1,200
node-superagent/2.3.0,2017-07-19T23:30:29.947Z,GET,/,1.1,200
node-superagent/2.3.0,2017-07-19T23:30:29.953Z,GET,/,1.1,200
node-superagent/2.3.0,2017-07-19T23:30:29.956Z,GET,/,1.1,200
node-superagent/2.3.0,2017-07-19T23:30:29.960Z,GET,/,1.1,200
node-superagent/2.3.0,2017-07-19T23:30:29.966Z,GET,/,1.1,200
node-superagent/2.3.0,2017-07-19T23:30:29.973Z,GET,/,1.1,200
node-superagent/2.3.0,2017-07-19T23:30:29.918Z,GET,/,1.1,200
node-superagent/2.3.0,2017-07-19T23:30:29.941Z,GET,/,1.1,200
node-superagent/2.3.0,2017-07-19T23:30:29.947Z,GET,/,1.1,200
node-superagent/2.3.0,2017-07-19T23:30:29.953Z,GET,/,1.1,200
node-superagent/2.3.0,2017-07-19T23:30:29.956Z,GET,/,1.1,200
node-superagent/2.3.0,2017-07-19T23:30:29.960Z,GET,/,1.1,200
node-superagent/2.3.0,2017-07-19T23:30:29.966Z,GET,/,1.1,200
node-superagent/2.3.0,2017-07-19T23:30:29.973Z,GET,/,1.1,200
node-superagent/2.3.0,2017-07-19T23:30:29.977Z,GET,/logs,1.1,200
node-superagent/2.3.0,2017-07-19T23:30:29.918Z,GET,/,1.1,200
node-superagent/2.3.0,2017-07-19T23:30:29.941Z,GET,/,1.1,200
node-superagent/2.3.0,2017-07-19T23:30:29.947Z,GET,/,1.1,200
node-superagent/2.3.0,2017-07-19T23:30:29.953Z,GET,/,1.1,200
node-superagent/2.3.0,2017-07-19T23:30:29.956Z,GET,/,1.1,200
node-superagent/2.3.0,2017-07-19T23:30:29.960Z,GET,/,1.1,200
node-superagent/2.3.0,2017-07-19T23:30:29.966Z,GET,/,1.1,200
node-superagent/2.3.0,2017-07-19T23:30:29.973Z,GET,/,1.1,200
node-superagent/2.3.0,2017-07-19T23:30:29.977Z,GET,/logs,1.1,200
node-superagent/2.3.0,2017-07-19T23:30:29.981Z,GET,/logs,1.1,200
node-superagent/2.3.0,2017-07-19T23:34:28.917Z,GET,/,1.1,200
node-superagent/2.3.0,2017-07-19T23:34:28.917Z,GET,/,1.1,200
node-superagent/2.3.0,2017-07-19T23:34:28.940Z,GET,/,1.1,200
node-superagent/2.3.0,2017-07-19T23:34:28.917Z,GET,/,1.1,200
node-superagent/2.3.0,2017-07-19T23:34:28.940Z,GET,/,1.1,200
node-superagent/2.3.0,2017-07-19T23:34:28.947Z,GET,/,1.1,200
node-superagent/2.3.0,2017-07-19T23:34:28.917Z,GET,/,1.1,200
node-superagent/2.3.0,2017-07-19T23:34:28.940Z,GET,/,1.1,200
node-superagent/2.3.0,2017-07-19T23:34:28.947Z,GET,/,1.1,200
node-superagent/2.3.0,2017-07-19T23:34:28.960Z,GET,/,1.1,200
node-superagent/2.3.0,2017-07-19T23:34:28.917Z,GET,/,1.1,200
node-superagent/2.3.0,2017-07-19T23:34:28.940Z,GET,/,1.1,200
node-superagent/2.3.0,2017-07-19T23:34:28.947Z,GET,/,1.1,200
node-superagent/2.3.0,2017-07-19T23:34:28.960Z,GET,/,1.1,200
node-superagent/2.3.0,2017-07-19T23:34:28.963Z,GET,/,1.1,200
node-superagent/2.3.0,2017-07-19T23:34:28.917Z,GET,/,1.1,200
node-superagent/2.3.0,2017-07-19T23:34:28.940Z,GET,/,1.1,200
node-superagent/2.3.0,2017-07-19T23:34:28.947Z,GET,/,1.1,200
node-superagent/2.3.0,2017-07-19T23:34:28.960Z,GET,/,1.1,200
node-superagent/2.3.0,2017-07-19T23:34:28.963Z,GET,/,1.1,200
node-superagent/2.3.0,2017-07-19T23:34:28.967Z,GET,/,1.1,200
node-superagent/2.3.0,2017-07-19T23:34:28.917Z,GET,/,1.1,200
node-superagent/2.3.0,2017-07-19T23:34:28.940Z,GET,/,1.1,200
node-superagent/2.3.0,2017-07-19T23:34:28.947Z,GET,/,1.1,200
node-superagent/2.3.0,2017-07-19T23:34:28.960Z,GET,/,1.1,200
node-superagent/2.3.0,2017-07-19T23:34:28.963Z,GET,/,1.1,200
node-superagent/2.3.0,2017-07-19T23:34:28.967Z,GET,/,1.1,200
node-superagent/2.3.0,2017-07-19T23:34:28.973Z,GET,/,1.1,200
node-superagent/2.3.0,2017-07-19T23:34:28.917Z,GET,/,1.1,200
node-superagent/2.3.0,2017-07-19T23:34:28.940Z,GET,/,1.1,200
node-superagent/2.3.0,2017-07-19T23:34:28.947Z,GET,/,1.1,200
node-superagent/2.3.0,2017-07-19T23:34:28.960Z,GET,/,1.1,200
node-superagent/2.3.0,2017-07-19T23:34:28.963Z,GET,/,1.1,200
node-superagent/2.3.0,2017-07-19T23:34:28.967Z,GET,/,1.1,200
node-superagent/2.3.0,2017-07-19T23:34:28.973Z,GET,/,1.1,200
node-superagent/2.3.0,2017-07-19T23:34:28.979Z,GET,/,1.1,200
node-superagent/2.3.0,2017-07-19T23:34:28.917Z,GET,/,1.1,200
node-superagent/2.3.0,2017-07-19T23:34:28.940Z,GET,/,1.1,200
node-superagent/2.3.0,2017-07-19T23:34:28.947Z,GET,/,1.1,200
node-superagent/2.3.0,2017-07-19T23:34:28.960Z,GET,/,1.1,200
node-superagent/2.3.0,2017-07-19T23:34:28.963Z,GET,/,1.1,200
node-superagent/2.3.0,2017-07-19T23:34:28.967Z,GET,/,1.1,200
node-superagent/2.3.0,2017-07-19T23:34:28.973Z,GET,/,1.1,200
node-superagent/2.3.0,2017-07-19T23:34:28.979Z,GET,/,1.1,200
node-superagent/2.3.0,2017-07-19T23:34:28.983Z,GET,/logs,1.1,200
node-superagent/2.3.0,2017-07-19T23:34:28.917Z,GET,/,1.1,200
node-superagent/2.3.0,2017-07-19T23:34:28.940Z,GET,/,1.1,200
node-superagent/2.3.0,2017-07-19T23:34:28.947Z,GET,/,1.1,200
node-superagent/2.3.0,2017-07-19T23:34:28.960Z,GET,/,1.1,200
node-superagent/2.3.0,2017-07-19T23:34:28.963Z,GET,/,1.1,200
node-superagent/2.3.0,2017-07-19T23:34:28.967Z,GET,/,1.1,200
node-superagent/2.3.0,2017-07-19T23:34:28.973Z,GET,/,1.1,200
node-superagent/2.3.0,2017-07-19T23:34:28.979Z,GET,/,1.1,200
node-superagent/2.3.0,2017-07-19T23:34:28.983Z,GET,/logs,1.1,200
node-superagent/2.3.0,2017-07-19T23:34:28.986Z,GET,/logs,1.1,200
node-superagent/2.3.0,2017-07-19T23:35:45.475Z,GET,/,http/1.1,200
node-superagent/2.3.0,2017-07-19T23:35:45.475Z,GET,/,http/1.1,200
node-superagent/2.3.0,2017-07-19T23:35:45.501Z,GET,/,http/1.1,200
node-superagent/2.3.0,2017-07-19T23:35:45.475Z,GET,/,http/1.1,200
node-superagent/2.3.0,2017-07-19T23:35:45.501Z,GET,/,http/1.1,200
node-superagent/2.3.0,2017-07-19T23:35:45.506Z,GET,/,http/1.1,200
node-superagent/2.3.0,2017-07-19T23:35:45.475Z,GET,/,http/1.1,200
node-superagent/2.3.0,2017-07-19T23:35:45.501Z,GET,/,http/1.1,200
node-superagent/2.3.0,2017-07-19T23:35:45.506Z,GET,/,http/1.1,200
node-superagent/2.3.0,2017-07-19T23:35:45.512Z,GET,/,http/1.1,200
node-superagent/2.3.0,2017-07-19T23:35:45.475Z,GET,/,http/1.1,200
node-superagent/2.3.0,2017-07-19T23:35:45.501Z,GET,/,http/1.1,200
node-superagent/2.3.0,2017-07-19T23:35:45.506Z,GET,/,http/1.1,200
node-superagent/2.3.0,2017-07-19T23:35:45.512Z,GET,/,http/1.1,200
node-superagent/2.3.0,2017-07-19T23:35:45.515Z,GET,/,http/1.1,200
node-superagent/2.3.0,2017-07-19T23:35:45.475Z,GET,/,http/1.1,200
node-superagent/2.3.0,2017-07-19T23:35:45.501Z,GET,/,http/1.1,200
node-superagent/2.3.0,2017-07-19T23:35:45.506Z,GET,/,http/1.1,200
node-superagent/2.3.0,2017-07-19T23:35:45.512Z,GET,/,http/1.1,200
node-superagent/2.3.0,2017-07-19T23:35:45.515Z,GET,/,http/1.1,200
node-superagent/2.3.0,2017-07-19T23:35:45.518Z,GET,/,http/1.1,200
node-superagent/2.3.0,2017-07-19T23:35:45.475Z,GET,/,http/1.1,200
node-superagent/2.3.0,2017-07-19T23:35:45.501Z,GET,/,http/1.1,200
node-superagent/2.3.0,2017-07-19T23:35:45.506Z,GET,/,http/1.1,200
node-superagent/2.3.0,2017-07-19T23:35:45.512Z,GET,/,http/1.1,200
node-superagent/2.3.0,2017-07-19T23:35:45.515Z,GET,/,http/1.1,200
node-superagent/2.3.0,2017-07-19T23:35:45.518Z,GET,/,http/1.1,200
node-superagent/2.3.0,2017-07-19T23:35:45.524Z,GET,/,http/1.1,200
node-superagent/2.3.0,2017-07-19T23:35:45.475Z,GET,/,http/1.1,200
node-superagent/2.3.0,2017-07-19T23:35:45.501Z,GET,/,http/1.1,200
node-superagent/2.3.0,2017-07-19T23:35:45.506Z,GET,/,http/1.1,200
node-superagent/2.3.0,2017-07-19T23:35:45.512Z,GET,/,http/1.1,200
node-superagent/2.3.0,2017-07-19T23:35:45.515Z,GET,/,http/1.1,200
node-superagent/2.3.0,2017-07-19T23:35:45.518Z,GET,/,http/1.1,200
node-superagent/2.3.0,2017-07-19T23:35:45.524Z,GET,/,http/1.1,200
node-superagent/2.3.0,2017-07-19T23:35:45.530Z,GET,/,http/1.1,200
node-superagent/2.3.0,2017-07-19T23:35:45.475Z,GET,/,http/1.1,200
node-superagent/2.3.0,2017-07-19T23:35:45.501Z,GET,/,http/1.1,200
node-superagent/2.3.0,2017-07-19T23:35:45.506Z,GET,/,http/1.1,200
node-superagent/2.3.0,2017-07-19T23:35:45.512Z,GET,/,http/1.1,200
node-superagent/2.3.0,2017-07-19T23:35:45.515Z,GET,/,http/1.1,200
node-superagent/2.3.0,2017-07-19T23:35:45.518Z,GET,/,http/1.1,200
node-superagent/2.3.0,2017-07-19T23:35:45.524Z,GET,/,http/1.1,200
node-superagent/2.3.0,2017-07-19T23:35:45.530Z,GET,/,http/1.1,200
node-superagent/2.3.0,2017-07-19T23:35:45.533Z,GET,/logs,http/1.1,200
node-superagent/2.3.0,2017-07-19T23:35:45.475Z,GET,/,http/1.1,200
node-superagent/2.3.0,2017-07-19T23:35:45.501Z,GET,/,http/1.1,200
node-superagent/2.3.0,2017-07-19T23:35:45.506Z,GET,/,http/1.1,200
node-superagent/2.3.0,2017-07-19T23:35:45.512Z,GET,/,http/1.1,200
node-superagent/2.3.0,2017-07-19T23:35:45.515Z,GET,/,http/1.1,200
node-superagent/2.3.0,2017-07-19T23:35:45.518Z,GET,/,http/1.1,200
node-superagent/2.3.0,2017-07-19T23:35:45.524Z,GET,/,http/1.1,200
node-superagent/2.3.0,2017-07-19T23:35:45.530Z,GET,/,http/1.1,200
node-superagent/2.3.0,2017-07-19T23:35:45.533Z,GET,/logs,http/1.1,200
node-superagent/2.3.0,2017-07-19T23:35:45.538Z,GET,/logs,http/1.1,200
node-superagent/2.3.0,2017-07-19T23:36:00.065Z,GET,/,HTTP/1.1,200
node-superagent/2.3.0,2017-07-19T23:36:00.065Z,GET,/,HTTP/1.1,200
node-superagent/2.3.0,2017-07-19T23:36:00.087Z,GET,/,HTTP/1.1,200
node-superagent/2.3.0,2017-07-19T23:36:00.065Z,GET,/,HTTP/1.1,200
node-superagent/2.3.0,2017-07-19T23:36:00.087Z,GET,/,HTTP/1.1,200
node-superagent/2.3.0,2017-07-19T23:36:00.093Z,GET,/,HTTP/1.1,200
node-superagent/2.3.0,2017-07-19T23:36:00.065Z,GET,/,HTTP/1.1,200
node-superagent/2.3.0,2017-07-19T23:36:00.087Z,GET,/,HTTP/1.1,200
node-superagent/2.3.0,2017-07-19T23:36:00.093Z,GET,/,HTTP/1.1,200
node-superagent/2.3.0,2017-07-19T23:36:00.099Z,GET,/,HTTP/1.1,200
node-superagent/2.3.0,2017-07-19T23:36:00.065Z,GET,/,HTTP/1.1,200
node-superagent/2.3.0,2017-07-19T23:36:00.087Z,GET,/,HTTP/1.1,200
node-superagent/2.3.0,2017-07-19T23:36:00.093Z,GET,/,HTTP/1.1,200
node-superagent/2.3.0,2017-07-19T23:36:00.099Z,GET,/,HTTP/1.1,200
node-superagent/2.3.0,2017-07-19T23:36:00.103Z,GET,/,HTTP/1.1,200
node-superagent/2.3.0,2017-07-19T23:36:00.065Z,GET,/,HTTP/1.1,200
node-superagent/2.3.0,2017-07-19T23:36:00.087Z,GET,/,HTTP/1.1,200
node-superagent/2.3.0,2017-07-19T23:36:00.093Z,GET,/,HTTP/1.1,200
node-superagent/2.3.0,2017-07-19T23:36:00.099Z,GET,/,HTTP/1.1,200
node-superagent/2.3.0,2017-07-19T23:36:00.103Z,GET,/,HTTP/1.1,200
node-superagent/2.3.0,2017-07-19T23:36:00.106Z,GET,/,HTTP/1.1,200
node-superagent/2.3.0,2017-07-19T23:36:00.065Z,GET,/,HTTP/1.1,200
node-superagent/2.3.0,2017-07-19T23:36:00.087Z,GET,/,HTTP/1.1,200
node-superagent/2.3.0,2017-07-19T23:36:00.093Z,GET,/,HTTP/1.1,200
node-superagent/2.3.0,2017-07-19T23:36:00.099Z,GET,/,HTTP/1.1,200
node-superagent/2.3.0,2017-07-19T23:36:00.103Z,GET,/,HTTP/1.1,200
node-superagent/2.3.0,2017-07-19T23:36:00.106Z,GET,/,HTTP/1.1,200
node-superagent/2.3.0,2017-07-19T23:36:00.110Z,GET,/,HTTP/1.1,200
node-superagent/2.3.0,2017-07-19T23:36:00.065Z,GET,/,HTTP/1.1,200
node-superagent/2.3.0,2017-07-19T23:36:00.087Z,GET,/,HTTP/1.1,200
node-superagent/2.3.0,2017-07-19T23:36:00.093Z,GET,/,HTTP/1.1,200
node-superagent/2.3.0,2017-07-19T23:36:00.099Z,GET,/,HTTP/1.1,200
node-superagent/2.3.0,2017-07-19T23:36:00.103Z,GET,/,HTTP/1.1,200
node-superagent/2.3.0,2017-07-19T23:36:00.106Z,GET,/,HTTP/1.1,200
node-superagent/2.3.0,2017-07-19T23:36:00.110Z,GET,/,HTTP/1.1,200
node-superagent/2.3.0,2017-07-19T23:36:00.115Z,GET,/,HTTP/1.1,200
node-superagent/2.3.0,2017-07-19T23:36:00.065Z,GET,/,HTTP/1.1,200
node-superagent/2.3.0,2017-07-19T23:36:00.087Z,GET,/,HTTP/1.1,200
node-superagent/2.3.0,2017-07-19T23:36:00.093Z,GET,/,HTTP/1.1,200
node-superagent/2.3.0,2017-07-19T23:36:00.099Z,GET,/,HTTP/1.1,200
node-superagent/2.3.0,2017-07-19T23:36:00.103Z,GET,/,HTTP/1.1,200
node-superagent/2.3.0,2017-07-19T23:36:00.106Z,GET,/,HTTP/1.1,200
node-superagent/2.3.0,2017-07-19T23:36:00.110Z,GET,/,HTTP/1.1,200
node-superagent/2.3.0,2017-07-19T23:36:00.115Z,GET,/,HTTP/1.1,200
node-superagent/2.3.0,2017-07-19T23:36:00.118Z,GET,/logs,HTTP/1.1,200
node-superagent/2.3.0,2017-07-19T23:36:00.065Z,GET,/,HTTP/1.1,200
node-superagent/2.3.0,2017-07-19T23:36:00.087Z,GET,/,HTTP/1.1,200
node-superagent/2.3.0,2017-07-19T23:36:00.093Z,GET,/,HTTP/1.1,200
node-superagent/2.3.0,2017-07-19T23:36:00.099Z,GET,/,HTTP/1.1,200
node-superagent/2.3.0,2017-07-19T23:36:00.103Z,GET,/,HTTP/1.1,200
node-superagent/2.3.0,2017-07-19T23:36:00.106Z,GET,/,HTTP/1.1,200
node-superagent/2.3.0,2017-07-19T23:36:00.110Z,GET,/,HTTP/1.1,200
node-superagent/2.3.0,2017-07-19T23:36:00.115Z,GET,/,HTTP/1.1,200
node-superagent/2.3.0,2017-07-19T23:36:00.118Z,GET,/logs,HTTP/1.1,200
node-superagent/2.3.0,2017-07-19T23:36:00.122Z,GET,/logs,HTTP/1.1,200
node-superagent/2.3.0,2017-07-19T23:36:24.347Z,GET,/,HTTP/1.1,200
node-superagent/2.3.0,2017-07-19T23:36:24.347Z,GET,/,HTTP/1.1,200
node-superagent/2.3.0,2017-07-19T23:36:24.371Z,GET,/,HTTP/1.1,200
node-superagent/2.3.0,2017-07-19T23:36:24.347Z,GET,/,HTTP/1.1,200
node-superagent/2.3.0,2017-07-19T23:36:24.371Z,GET,/,HTTP/1.1,200
node-superagent/2.3.0,2017-07-19T23:36:24.379Z,GET,/,HTTP/1.1,200
node-superagent/2.3.0,2017-07-19T23:36:24.347Z,GET,/,HTTP/1.1,200
node-superagent/2.3.0,2017-07-19T23:36:24.371Z,GET,/,HTTP/1.1,200
node-superagent/2.3.0,2017-07-19T23:36:24.379Z,GET,/,HTTP/1.1,200
node-superagent/2.3.0,2017-07-19T23:36:24.385Z,GET,/,HTTP/1.1,200
node-superagent/2.3.0,2017-07-19T23:36:24.347Z,GET,/,HTTP/1.1,200
node-superagent/2.3.0,2017-07-19T23:36:24.371Z,GET,/,HTTP/1.1,200
node-superagent/2.3.0,2017-07-19T23:36:24.379Z,GET,/,HTTP/1.1,200
node-superagent/2.3.0,2017-07-19T23:36:24.385Z,GET,/,HTTP/1.1,200
node-superagent/2.3.0,2017-07-19T23:36:24.391Z,GET,/,HTTP/1.1,200
node-superagent/2.3.0,2017-07-19T23:36:24.347Z,GET,/,HTTP/1.1,200
node-superagent/2.3.0,2017-07-19T23:36:24.371Z,GET,/,HTTP/1.1,200
node-superagent/2.3.0,2017-07-19T23:36:24.379Z,GET,/,HTTP/1.1,200
node-superagent/2.3.0,2017-07-19T23:36:24.385Z,GET,/,HTTP/1.1,200
node-superagent/2.3.0,2017-07-19T23:36:24.391Z,GET,/,HTTP/1.1,200
node-superagent/2.3.0,2017-07-19T23:36:24.395Z,GET,/,HTTP/1.1,200
node-superagent/2.3.0,2017-07-19T23:36:24.347Z,GET,/,HTTP/1.1,200
node-superagent/2.3.0,2017-07-19T23:36:24.371Z,GET,/,HTTP/1.1,200
node-superagent/2.3.0,2017-07-19T23:36:24.379Z,GET,/,HTTP/1.1,200
node-superagent/2.3.0,2017-07-19T23:36:24.385Z,GET,/,HTTP/1.1,200
node-superagent/2.3.0,2017-07-19T23:36:24.391Z,GET,/,HTTP/1.1,200
node-superagent/2.3.0,2017-07-19T23:36:24.395Z,GET,/,HTTP/1.1,200
node-superagent/2.3.0,2017-07-19T23:36:24.398Z,GET,/,HTTP/1.1,200
node-superagent/2.3.0,2017-07-19T23:36:24.347Z,GET,/,HTTP/1.1,200
node-superagent/2.3.0,2017-07-19T23:36:24.371Z,GET,/,HTTP/1.1,200
node-superagent/2.3.0,2017-07-19T23:36:24.379Z,GET,/,HTTP/1.1,200
node-superagent/2.3.0,2017-07-19T23:36:24.385Z,GET,/,HTTP/1.1,200
node-superagent/2.3.0,2017-07-19T23:36:24.391Z,GET,/,HTTP/1.1,200
node-superagent/2.3.0,2017-07-19T23:36:24.395Z,GET,/,HTTP/1.1,200
node-superagent/2.3.0,2017-07-19T23:36:24.398Z,GET,/,HTTP/1.1,200
node-superagent/2.3.0,2017-07-19T23:36:24.407Z,GET,/,HTTP/1.1,200
node-superagent/2.3.0,2017-07-19T23:36:24.347Z,GET,/,HTTP/1.1,200
node-superagent/2.3.0,2017-07-19T23:36:24.371Z,GET,/,HTTP/1.1,200
node-superagent/2.3.0,2017-07-19T23:36:24.379Z,GET,/,HTTP/1.1,200
node-superagent/2.3.0,2017-07-19T23:36:24.385Z,GET,/,HTTP/1.1,200
node-superagent/2.3.0,2017-07-19T23:36:24.391Z,GET,/,HTTP/1.1,200
node-superagent/2.3.0,2017-07-19T23:36:24.395Z,GET,/,HTTP/1.1,200
node-superagent/2.3.0,2017-07-19T23:36:24.398Z,GET,/,HTTP/1.1,200
node-superagent/2.3.0,2017-07-19T23:36:24.407Z,GET,/,HTTP/1.1,200
node-superagent/2.3.0,2017-07-19T23:36:24.411Z,GET,/logs,HTTP/1.1,200
node-superagent/2.3.0,2017-07-19T23:36:24.347Z,GET,/,HTTP/1.1,200
node-superagent/2.3.0,2017-07-19T23:36:24.371Z,GET,/,HTTP/1.1,200
node-superagent/2.3.0,2017-07-19T23:36:24.379Z,GET,/,HTTP/1.1,200
node-superagent/2.3.0,2017-07-19T23:36:24.385Z,GET,/,HTTP/1.1,200
node-superagent/2.3.0,2017-07-19T23:36:24.391Z,GET,/,HTTP/1.1,200
node-superagent/2.3.0,2017-07-19T23:36:24.395Z,GET,/,HTTP/1.1,200
node-superagent/2.3.0,2017-07-19T23:36:24.398Z,GET,/,HTTP/1.1,200
node-superagent/2.3.0,2017-07-19T23:36:24.407Z,GET,/,HTTP/1.1,200
node-superagent/2.3.0,2017-07-19T23:36:24.411Z,GET,/logs,HTTP/1.1,200
node-superagent/2.3.0,2017-07-19T23:36:24.414Z,GET,/logs,HTTP/1.1,200
